<?xml version="1.0"?>
<!--<!DOCTYPE metadata SYSTEM "http://www.esri.com/metadata/esriprof80.dtd">-->
<metadata xml:lang="cs"><Esri><MetaID>{928D3CC0-1AF6-4762-97AD-C7E0471AD7E7}</MetaID><CreaDate>20070420</CreaDate><CreaTime>12202700</CreaTime><SyncOnce>FALSE</SyncOnce><SyncDate>20080716</SyncDate><SyncTime>15285100</SyncTime><ModDate>20080716</ModDate><ModTime>15285100</ModTime><DataProperties><lineage><Process Name="FeatureClassToFeatureClass_7" ToolSource="C:\Program Files\ArcGIS\ArcToolbox\Toolboxes\Conversion Tools.tbx\FeatureClassToFeatureClass" Date="20070420" Time="122037">FeatureClassToFeatureClass "Z:\DIBAVOD\B_ucelova klasifikace povrchovych a podzemnich vod\B03_oblasti lososovych a kaprovych vod\B03_oblasti_lososovych_a_kaprovych_vod.shp" "Database Connections\Connection to prgsde_milan.sde" B03_Oblasti_losos_a_kapr_vod # "POVODI_ID POVODI_ID true false false 25 Text 0 0 ,First,#,Z:\DIBAVOD\B_ucelova klasifikace povrchovych a podzemnich vod\B03_oblasti lososovych a kaprovych vod\B03_oblasti_lososovych_a_kaprovych_vod.shp,POVODI_ID,-1,-1;TYP_OBRYB TYP_OBRYB true false false 20 Text 0 0 ,First,#,Z:\DIBAVOD\B_ucelova klasifikace povrchovych a podzemnich vod\B03_oblasti lososovych a kaprovych vod\B03_oblasti_lososovych_a_kaprovych_vod.shp,TYP_OBRYB,-1,-1;NAZ_OBRYB NAZ_OBRYB true false false 40 Text 0 0 ,First,#,Z:\DIBAVOD\B_ucelova klasifikace povrchovych a podzemnich vod\B03_oblasti lososovych a kaprovych vod\B03_oblasti_lososovych_a_kaprovych_vod.shp,NAZ_OBRYB,-1,-1;OBRYB_ID OBRYB_ID true false false 4 Short 0 4 ,First,#,Z:\DIBAVOD\B_ucelova klasifikace povrchovych a podzemnich vod\B03_oblasti lososovych a kaprovych vod\B03_oblasti_lososovych_a_kaprovych_vod.shp,OBRYB_ID,-1,-1" VEKTOR "Database Connections\Connection to prgsde_milan.sde\MILAN.B03_Oblasti_losos_a_kapr_vod"</Process><Process Name="FeatureClassToFeatureClass_6" ToolSource="C:\Program Files\ArcGIS\ArcToolbox\Toolboxes\Conversion Tools.tbx\FeatureClassToFeatureClass" Date="20080422" Time="124713">FeatureClassToFeatureClass "Database Connections\Connection to prgsde_MILAN.sde\MILAN.B03_Oblasti_losos_a_kapr_vod" "Database Connections\Connection to prggis_GIS_ADMIN.sde" B03_Oblasti_losos_a_kapr_vod # "POVODI_ID POVODI_ID true true false 25 Text 0 0 ,First,#,Database Connections\Connection to prgsde_MILAN.sde\MILAN.B03_Oblasti_losos_a_kapr_vod,POVODI_ID,-1,-1;TYP_OBRYB TYP_OBRYB true true false 20 Text 0 0 ,First,#,Database Connections\Connection to prgsde_MILAN.sde\MILAN.B03_Oblasti_losos_a_kapr_vod,TYP_OBRYB,-1,-1;NAZ_OBRYB NAZ_OBRYB true true false 40 Text 0 0 ,First,#,Database Connections\Connection to prgsde_MILAN.sde\MILAN.B03_Oblasti_losos_a_kapr_vod,NAZ_OBRYB,-1,-1;OBRYB_ID OBRYB_ID true true false 2 Short 0 4 ,First,#,Database Connections\Connection to prgsde_MILAN.sde\MILAN.B03_Oblasti_losos_a_kapr_vod,OBRYB_ID,-1,-1;SE_ANNO_CAD_DATA SE_ANNO_CAD_DATA true true false 0 Blob 0 0 ,First,#,Database Connections\Connection to prgsde_MILAN.sde\MILAN.B03_Oblasti_losos_a_kapr_vod,SE_ANNO_CAD_DATA,-1,-1;AREA AREA false false true 0 Double 0 0 ,First,#,Database Connections\Connection to prgsde_MILAN.sde\MILAN.B03_Oblasti_losos_a_kapr_vod,SHAPE.AREA,-1,-1;LEN LEN false false true 0 Double 0 0 ,First,#,Database Connections\Connection to prgsde_MILAN.sde\MILAN.B03_Oblasti_losos_a_kapr_vod,SHAPE.LEN,-1,-1" # "Database Connections\Connection to prggis_GIS_ADMIN.sde\GIS_ADMIN.B03_Oblasti_losos_a_kapr_vod"</Process><Process ToolSource="C:\Program Files\ArcGIS\ArcToolbox\Toolboxes\Data Management Tools.tbx\CopyFeatures" Date="20080716" Time="152852">CopyFeatures "Database Connections\Connection to prggis_GIS_ADMIN.sde\GIS_ADMIN.B03_Oblasti_losos_a_kapr_vod" C:\data\_zaloha_prggis_vektor\16_07_2008\GIS_ADMIN_B03_Oblasti_losos_a_kapr_vod.shp # 0 0 0</Process></lineage></DataProperties></Esri><idinfo><native Sync="TRUE">Microsoft Windows 2000 Version 5.2 (Build 3790) Service Pack 2; ESRI ArcCatalog 9.2.0.1324</native><descript><langdata Sync="TRUE">cs</langdata><abstract>REQUIRED: A brief narrative summary of the data set.</abstract><purpose>REQUIRED: A summary of the intentions with which the data set was developed.</purpose></descript><citation><citeinfo><origin>REQUIRED: The name of an organization or individual that developed the data set.</origin><pubdate>REQUIRED: The date when the data set is published or otherwise made available for release.</pubdate><title Sync="TRUE">GIS_ADMIN_B03_Oblasti_losos_a_kapr_vod</title><ftname Sync="TRUE">GIS_ADMIN_B03_Oblasti_losos_a_kapr_vod</ftname><geoform Sync="TRUE">vector digital data</geoform><onlink Sync="TRUE">\\PRGGIS\data\_zaloha_prggis_vektor\16_07_2008\GIS_ADMIN_B03_Oblasti_losos_a_kapr_vod.shp</onlink></citeinfo></citation><timeperd><current>REQUIRED: The basis on which the time period of content information is determined.</current><timeinfo><sngdate><caldate>REQUIRED: The year (and optionally month, or month and day) for which the data set corresponds to the ground.</caldate></sngdate></timeinfo></timeperd><status><progress>REQUIRED: The state of the data set.</progress><update>REQUIRED: The frequency with which changes and additions are made to the data set after the initial data set is completed.</update></status><spdom><bounding><westbc Sync="TRUE">REQUIRED: Western-most coordinate of the limit of coverage expressed in longitude.</westbc><eastbc Sync="TRUE">REQUIRED: Eastern-most coordinate of the limit of coverage expressed in longitude.</eastbc><northbc Sync="TRUE">REQUIRED: Northern-most coordinate of the limit of coverage expressed in latitude.</northbc><southbc Sync="TRUE">REQUIRED: Southern-most coordinate of the limit of coverage expressed in latitude.</southbc></bounding></spdom><keywords><theme><themekt>REQUIRED: Reference to a formally registered thesaurus or a similar authoritative source of theme keywords.</themekt><themekey>REQUIRED: Common-use word or phrase used to describe the subject of the data set.</themekey></theme></keywords><accconst>REQUIRED: Restrictions and legal prerequisites for accessing the data set.</accconst><useconst>REQUIRED: Restrictions and legal prerequisites for using the data set after access is granted.</useconst><natvform Sync="TRUE">Shapefile</natvform></idinfo><dataIdInfo><envirDesc Sync="TRUE">Microsoft Windows 2000 Version 5.2 (Build 3790) Service Pack 2; ESRI ArcCatalog 9.2.0.1324</envirDesc><dataLang><languageCode Sync="TRUE" value="cs"></languageCode></dataLang><idCitation><resTitle Sync="TRUE">GIS_ADMIN_B03_Oblasti_losos_a_kapr_vod</resTitle><presForm><PresFormCd Sync="TRUE" value="005"></PresFormCd></presForm></idCitation><spatRpType><SpatRepTypCd Sync="TRUE" value="001"></SpatRepTypCd></spatRpType></dataIdInfo><metainfo><langmeta Sync="TRUE">cs</langmeta><metstdn Sync="TRUE">FGDC Content Standards for Digital Geospatial Metadata</metstdn><metstdv Sync="TRUE">FGDC-STD-001-1998</metstdv><mettc Sync="TRUE">local time</mettc><metc><cntinfo><cntorgp><cntper>REQUIRED: The person responsible for the metadata information.</cntper><cntorg>REQUIRED: The organization responsible for the metadata information.</cntorg></cntorgp><cntaddr><addrtype>REQUIRED: The mailing and/or physical address for the organization or individual.</addrtype><city>REQUIRED: The city of the address.</city><state>REQUIRED: The state or province of the address.</state><postal>REQUIRED: The ZIP or other postal code of the address.</postal></cntaddr><cntvoice>REQUIRED: The telephone number by which individuals can speak to the organization or individual.</cntvoice></cntinfo></metc><metd Sync="TRUE">20080716</metd><metextns><onlink Sync="TRUE">http://www.esri.com/metadata/esriprof80.html</onlink><metprof Sync="TRUE">ESRI Metadata Profile</metprof></metextns></metainfo><mdLang><languageCode Sync="TRUE" value="cs"></languageCode></mdLang><mdStanName Sync="TRUE">ISO 19115 Geographic Information - Metadata</mdStanName><mdStanVer Sync="TRUE">DIS_ESRI1.0</mdStanVer><mdChar><CharSetCd Sync="TRUE" value="004"></CharSetCd></mdChar><mdHrLv><ScopeCd Sync="TRUE" value="005"></ScopeCd></mdHrLv><mdHrLvName Sync="TRUE">dataset</mdHrLvName><distinfo><resdesc Sync="TRUE">Downloadable Data</resdesc><stdorder><digform><digtinfo><transize Sync="TRUE">0,000</transize><dssize Sync="TRUE">0,000</dssize></digtinfo></digform></stdorder></distinfo><distInfo><distributor><distorTran><onLineSrc><orDesc Sync="TRUE">002</orDesc><linkage Sync="TRUE">file://\\PRGGIS\data\_zaloha_prggis_vektor\16_07_2008\GIS_ADMIN_B03_Oblasti_losos_a_kapr_vod.shp</linkage><protocol Sync="TRUE">Local Area Network</protocol></onLineSrc><transSize Sync="TRUE">0,000</transSize></distorTran><distorFormat><formatName Sync="TRUE">Shapefile</formatName></distorFormat></distributor></distInfo><spdoinfo><direct Sync="TRUE">Vector</direct><ptvctinf><esriterm Name="GIS_ADMIN_B03_Oblasti_losos_a_kapr_vod"><efeatyp Sync="TRUE">Simple</efeatyp><efeageom Sync="TRUE">Polygon</efeageom><esritopo Sync="TRUE">FALSE</esritopo><efeacnt Sync="TRUE">0</efeacnt><spindex Sync="TRUE">FALSE</spindex><linrefer Sync="TRUE">FALSE</linrefer></esriterm><sdtsterm Name="GIS_ADMIN_B03_Oblasti_losos_a_kapr_vod"><sdtstype Sync="TRUE">G-polygon</sdtstype><ptvctcnt Sync="TRUE">0</ptvctcnt></sdtsterm></ptvctinf></spdoinfo><spatRepInfo><VectSpatRep><topLvl><TopoLevCd Sync="TRUE" value="001"></TopoLevCd></topLvl><geometObjs Name="GIS_ADMIN_B03_Oblasti_losos_a_kapr_vod"><geoObjTyp><GeoObjTypCd Sync="TRUE" value="001"></GeoObjTypCd></geoObjTyp><geoObjCnt Sync="TRUE">0</geoObjCnt></geometObjs></VectSpatRep></spatRepInfo><eainfo><detailed Name="GIS_ADMIN_B03_Oblasti_losos_a_kapr_vod"><enttyp><enttypl Sync="TRUE">GIS_ADMIN_B03_Oblasti_losos_a_kapr_vod</enttypl><enttypt Sync="TRUE">Feature Class</enttypt><enttypc Sync="TRUE">0</enttypc></enttyp><attr><attrlabl Sync="TRUE">TYP_OBRYB</attrlabl><attalias Sync="TRUE">TYP_OBRYB</attalias><attrtype Sync="TRUE">String</attrtype><attwidth Sync="TRUE">20</attwidth><atprecis Sync="TRUE">0</atprecis><attscale Sync="TRUE">0</attscale></attr><attr><attrlabl Sync="TRUE">SHAPE</attrlabl><attalias Sync="TRUE">Shape</attalias><attrtype Sync="TRUE">Geometry</attrtype><attwidth Sync="TRUE">4</attwidth><atprecis Sync="TRUE">0</atprecis><attscale Sync="TRUE">0</attscale><attrdef Sync="TRUE">Feature geometry.</attrdef><attrdefs Sync="TRUE">ESRI</attrdefs><attrdomv><udom Sync="TRUE">Coordinates defining the features.</udom></attrdomv></attr><attr><attrlabl Sync="TRUE">FID</attrlabl><attalias Sync="TRUE">FID</attalias><attrtype Sync="TRUE">String</attrtype><attwidth Sync="TRUE">25</attwidth><attrdef Sync="TRUE">Internal feature number.</attrdef><attrdefs Sync="TRUE">ESRI</attrdefs><attrdomv><udom Sync="TRUE">Sequential unique whole numbers that are automatically generated.</udom></attrdomv></attr><attr><attrlabl Sync="TRUE">POVODI_ID</attrlabl><attalias Sync="TRUE">POVODI_ID</attalias><attrtype Sync="TRUE">String</attrtype><attwidth Sync="TRUE">20</attwidth></attr><attr><attrlabl Sync="TRUE">Shape</attrlabl><attalias Sync="TRUE">Shape</attalias><attrtype Sync="TRUE">String</attrtype><attwidth Sync="TRUE">40</attwidth><attrdef Sync="TRUE">Feature geometry.</attrdef><attrdefs Sync="TRUE">ESRI</attrdefs><attrdomv><udom Sync="TRUE">Coordinates defining the features.</udom></attrdomv></attr><attr><attrlabl Sync="TRUE">OBRYB_ID</attrlabl><attalias Sync="TRUE">OBRYB_ID</attalias><attrtype Sync="TRUE">Number</attrtype><attwidth Sync="TRUE">4</attwidth></attr><attr><attrlabl Sync="TRUE">NAZ_OBRYB</attrlabl><attalias Sync="TRUE">NAZ_OBRYB</attalias><attrtype Sync="TRUE">Number</attrtype><attwidth Sync="TRUE">19</attwidth><atnumdec Sync="TRUE">8</atnumdec></attr><attr><attrlabl Sync="TRUE">GIS_ADMIN_</attrlabl><attalias Sync="TRUE">GIS_ADMIN_</attalias><attrtype Sync="TRUE">Number</attrtype><attwidth Sync="TRUE">19</attwidth><atnumdec Sync="TRUE">8</atnumdec></attr><attr><attrlabl Sync="TRUE">GIS_ADMIN1</attrlabl><attalias Sync="TRUE">GIS_ADMIN1</attalias><attrtype Sync="TRUE">Float</attrtype><attwidth Sync="TRUE">19</attwidth><atnumdec Sync="TRUE">11</atnumdec></attr><attr><attrlabl Sync="TRUE">SHAPE_AREA</attrlabl><attalias Sync="TRUE">SHAPE_AREA</attalias><attrtype Sync="TRUE">Float</attrtype><attwidth Sync="TRUE">19</attwidth><attrdef Sync="TRUE">Area of feature in internal units squared.</attrdef><attrdefs Sync="TRUE">ESRI</attrdefs><attrdomv><udom Sync="TRUE">Positive real numbers that are automatically generated.</udom></attrdomv><atnumdec Sync="TRUE">11</atnumdec></attr><attr><attrlabl Sync="TRUE">SHAPE_LEN</attrlabl><attalias Sync="TRUE">SHAPE_LEN</attalias><attrtype Sync="TRUE">Double</attrtype><attwidth Sync="TRUE">19</attwidth><atprecis Sync="TRUE">0</atprecis><attscale Sync="TRUE">0</attscale></attr></detailed></eainfo><mdDateSt Sync="TRUE">20080716</mdDateSt><spref><horizsys><cordsysn><geogcsn Sync="TRUE">GCS_S_JTSK</geogcsn><projcsn Sync="TRUE">S-JTSK_Krovak_East_North</projcsn></cordsysn><planar><planci><plance Sync="TRUE">coordinate pair</plance><plandu Sync="TRUE">meters</plandu><coordrep><absres Sync="TRUE">0.000000</absres><ordres Sync="TRUE">0.000000</ordres></coordrep></planci><mapproj><mapprojn Sync="TRUE">Krovak</mapprojn><mapprojp><stdparll Sync="TRUE">0.000000</stdparll><longcm Sync="TRUE">24.833333</longcm><latprjo Sync="TRUE">49.500000</latprjo><feast Sync="TRUE">0.000000</feast><fnorth Sync="TRUE">0.000000</fnorth></mapprojp></mapproj></planar><geodetic><horizdn Sync="TRUE">D_S_JTSK</horizdn><ellips Sync="TRUE">Bessel_1841</ellips><semiaxis Sync="TRUE">6377397.155000</semiaxis><denflat Sync="TRUE">299.152813</denflat></geodetic></horizsys><vertdef><altsys><altenc Sync="TRUE">Explicit elevation coordinate included with horizontal coordinates</altenc><altres Sync="TRUE">1.000000</altres></altsys></vertdef></spref><refSysInfo><RefSystem><refSysID><identCode Sync="TRUE">S-JTSK_Krovak_East_North</identCode></refSysID></RefSystem></refSysInfo></metadata>
